id,title,intro,poster,pubdate,url,rating,genres,star,comment,tags,star_time,card
814786377,ありがとう～,,https://img9.doubanio.com/view/subject/m/public/s3591332.jpg,2005-07-27,https://music.douban.com/subject/3801984/,9,,4.5,,,2014-06-09 20:15:40,
718686711,Pacific Rim,,https://img9.doubanio.com/view/subject/m/public/s26811799.jpg,2013-06-25,https://music.douban.com/subject/24840163/,8.9,原声,4.5,,,2013-08-23 14:52:43,
570377855,Dearly Beloved,,https://img9.doubanio.com/view/subject/m/public/s33996859.jpg,2021,https://music.douban.com/subject/3657047/,8.2,流行,4,,,2012-08-20 07:20:03,
390931204,pechal'nyy angel,,https://img9.doubanio.com/view/subject/m/public/s4549862.jpg,2010-10-22,https://music.douban.com/subject/5376660/,9.4,轻音乐,4.5,,,2011-05-15 23:44:06,
158478408,I Want It That Way,,https://img9.doubanio.com/view/subject/m/public/s3670613.jpg,1999,https://music.douban.com/subject/1794659/,9,流行,4.5,,,2009-09-13 13:29:25,
138188497,Stand by Me,,https://img9.doubanio.com/view/subject/m/public/s2698394.jpg,2006-07-11,https://music.douban.com/subject/1796619/,8.7,放克/灵歌/R&B,4.5,,,2009-07-12 09:59:04,
138188477,No Promises,,https://img9.doubanio.com/view/subject/m/public/s2698392.jpg,2006-10-03,https://music.douban.com/subject/1840485/,9,放克/灵歌/R&B,4.5,,,2009-07-12 09:58:52,
138188464,No U Hang Up / If That's Ok With You,,https://img9.doubanio.com/view/subject/m/public/s2664064.jpg,2007-08-27,https://music.douban.com/subject/2213785/,8.5,,4.5,,,2009-07-12 09:58:48,
138188442,That's My Goal,,https://img9.doubanio.com/view/subject/m/public/s1666742.jpg,2006-01-17,https://music.douban.com/subject/1486367/,8.9,放克/灵歌/R&B,4.5,,,2009-07-12 09:58:40,
138188365,Breathless,,https://img9.doubanio.com/view/subject/m/public/s4714658.jpg,2007-11-26,https://music.douban.com/subject/2330103/,8.1,流行,4,,,2009-07-12 09:58:07,
138188282,Shayne Ward,,https://img9.doubanio.com/view/subject/m/public/s1636448.jpg,2006,https://music.douban.com/subject/1765229/,8.1,放克/灵歌/R&B,4,,,2009-07-12 09:57:30,
137530432,You Are Not Alone / Scream Louder,,https://img9.doubanio.com/view/subject/m/public/s3744294.jpg,1995-08-16,https://music.douban.com/subject/1761531/,9.6,放克/灵歌/R&B,5,,,2009-07-09 22:14:02,